gene,amostra,grupo,valor,unidade
GENE_SINT_01,C1,controle,37.6,TPM
GENE_SINT_01,C2,controle,40.8,TPM
GENE_SINT_01,C3,controle,42.0,TPM
GENE_SINT_01,T1,tratamento,44.61,TPM
GENE_SINT_01,T2,tratamento,42.75,TPM
GENE_SINT_01,T3,tratamento,37.77,TPM
GENE_SINT_02,C1,controle,11.28,TPM
GENE_SINT_02,C2,controle,12.24,TPM
GENE_SINT_02,C3,controle,12.6,TPM
GENE_SINT_02,T1,tratamento,32.79,TPM
GENE_SINT_02,T2,tratamento,31.41,TPM
GENE_SINT_02,T3,tratamento,27.76,TPM
GENE_SINT_03,C1,controle,206.8,TPM
GENE_SINT_03,C2,controle,224.4,TPM
GENE_SINT_03,C3,controle,231.0,TPM
GENE_SINT_03,T1,tratamento,112.88,TPM
GENE_SINT_03,T2,tratamento,108.15,TPM
GENE_SINT_03,T3,tratamento,95.55,TPM
GENE_SINT_04,C1,controle,2.91,TPM
GENE_SINT_04,C2,controle,3.16,TPM
GENE_SINT_04,C3,controle,3.26,TPM
GENE_SINT_04,T1,tratamento,3.65,TPM
GENE_SINT_04,T2,tratamento,3.5,TPM
GENE_SINT_04,T3,tratamento,NA,TPM
